title,num_actors
"LAMBS CINCINATTI",15
"MUMMY CREATURES",13
"DRACULA CRYSTAL",13
"CRAZY HOME",13
"RANDOM GO",13
"CHITTY LOCK",13
"BOONDOCK BALLROOM",13
"SKY MIRACLE",12
"LONELY ELEPHANT",12
"ARABIA DOGMA",12
"LESSON CLEOPATRA",12
"TITANIC BOONDOCK",12
"HELLFIGHTERS SIERRA",12
"PINOCCHIO SIMON",11
"TELEMARK HEARTBREAKERS",11
"OZ LIAISONS",11
"FUGITIVE MAGUIRE",11
"FIDDLER LOST",11
"HOLES BRANNIGAN",11
"IMAGE PRINCESS",11
"MASK PEACH",11
"SUBMARINE BED",11
"RINGS HEARTBREAKERS",11
"SPICE SORORITY",11
"SPIRIT FLINTSTONES",11
"MAKER GABLES",11
"INSTINCT AIRPORT",11
"SAINTS BRIDE",10
"ROOTS REMEMBER",10
"ACADEMY DINOSAUR",10
"OLEANDER CLUE",10
"CHINATOWN GLADIATOR",10
"BERETS AGENT",10
"POLISH BROOKLYN",10
"DARES PLUTO",10
"JACKET FRISCO",10
"INDIAN LOVE",10
"WEDDING APOLLO",10
"HEAVEN FREEDOM",10
"CROW GREASE",10
"WEEKEND PERSONAL",10
"SHAWSHANK BUBBLE",10
"COAST RAINBOW",10
"SPLASH GUMP",10
"SPLENDOR PATTON",10
"HOOSIERS BIRDCAGE",10
"PREJUDICE OLEANDER",10
"LUCKY FLYING",10
"DUMBO LUST",9
"WAR NOTTING",9
"PATTON INTERVIEW",9
"DURHAM PANKY",9
"STRANGELOVE DESIRE",9
"STRANGER STRANGERS",9
"EMPIRE MALKOVICH",9
"OKLAHOMA JUMANJI",9
"MIDNIGHT WESTWARD",9
"WRONG BEHAVIOR",9
"CONEHEADS SMOOCHY",9
"HOUSE DYNAMITE",9
"RIDER CADDYSHACK",9
"OPEN AFRICAN",9
"SATURDAY LAMBS",9
"FAMILY SWEET",9
"JERSEY SASSY",9
"WIZARD COLDBLOODED",9
"ENOUGH RAGING",9
"INDEPENDENCE HOTEL",9
"PERSONAL LADYBUGS",9
"FANTASY TROOPERS",9
"MASSAGE IMAGE",9
"VELVET TERMINATOR",9
"JAPANESE RUN",9
"BONNIE HOLOCAUST",9
"JUGGLER HARDLY",9
"LOVERBOY ATTACKS",9
"WAIT CIDER",9
"DARN FORRESTER",9
"ALABAMA DEVIL",9
"FEATHERS METAL",9
"WEST LION",9
"ANGELS LIFE",9
"SNATCHERS MONTEZUMA",9
"CRUSADE HONEY",9
"HYSTERICAL GRAIL",9
"INSIDER ARIZONA",9
"FLAMINGOS CONNECTICUT",9
"ATLANTIS CAUSE",9
"FRISCO FORREST",9
"BORN SPINAL",9
"ANONYMOUS HUMAN",9
"TOMATOES HELLFIGHTERS",9
"SOLDIERS EVOLUTION",9
"DOORS PRESIDENT",9
"LUKE MUMMY",9
"FLATLINERS KILLER",9
"WORKER TARZAN",9
"TROJAN TOMORROW",8
"SPY MILE",8
"HORN WORKING",8
"MOVIE SHAKESPEARE",8
"VIRGIN DAISY",8
"BOULEVARD MOB",8
"REQUIEM TYCOON",8
"METAL ARMAGEDDON",8
"DOUBLE WRATH",8
"KARATE MOON",8
"HOBBIT ALIEN",8
"MODEL FISH",8
"IDOLS SNATCHERS",8
"VIRGINIAN PLUTO",8
"WARDROBE PHANTOM",8
"FICTION CHRISTMAS",8
"BUNCH MINDS",8
"RESERVOIR ADAPTATION",8
"WORLD LEATHERNECKS",8
"BABY HALL",8
"COMMAND DARLING",8
"TROUBLE DATE",8
"SUSPECTS QUILLS",8
"EXPRESS LONELY",8
"PACIFIC AMISTAD",8
"FLYING HOOK",8
"CHICAGO NORTH",8
"NEWSIES STORY",8
"BADMAN DAWN",8
"MUPPET MILE",8
"IRON MOON",8
"ALONE TRIP",8
"APOLLO TEEN",8
"DRAGON SQUAD",8
"GABLES METROPOLIS",8
"GLEAMING JAWBREAKER",8
"MURDER ANTITRUST",8
"MIGHTY LUCK",8
"CALENDAR GUNFIGHT",8
"JERK PAYCHECK",8
"ARACHNOPHOBIA ROLLERCOASTER",8
"PANKY SUBMARINE",8
"GAMES BOWFINGER",8
"DANGEROUS UPTOWN",8
"GREEDY ROOTS",8
"UNBREAKABLE KARATE",8
"GANDHI KWAI",8
"REAR TRADING",8
"SMILE EARRING",8
"DRIVER ANNIE",8
"KRAMER CHOCOLATE",8
"CROSSROADS CASUALTIES",8
"PURPLE MOVIE",8
"NORTHWEST POLISH",8
"MAIDEN HOME",8
"JADE BUNCH",8
"ROAD ROXANNE",8
"SPINAL ROCKY",8
"LICENSE WEEKEND",8
"BOILED DARES",8
"TADPOLE PARK",8
"RECORDS ZORRO",8
"CLUELESS BUCKET",8
"DROP WATERFRONT",8
"RUNNER MADIGAN",8
"BAREFOOT MANCHURIAN",8
"HOMICIDE PEACH",8
"UNFAITHFUL KILL",8
"SUMMER SCARFACE",8
"SHANGHAI TYCOON",8
"LADY STAGE",8
"LIFE TWISTED",8
"SCHOOL JACKET",8
"ROCK INSTINCT",8
"GENTLEMEN STAGE",8
"MOTIONS DETAILS",8
"GOODFELLAS SALUTE",8
"ALADDIN CALENDAR",8
"DOOM DANCING",8
"JUMPING WRATH",8
"STORM HAPPINESS",8
"SCORPION APOLLO",8
"EXCITEMENT EVE",8
"CARIBBEAN LIBERTY",8
"CITIZEN SHREK",8
"SEA VIRGIN",8
"CUPBOARD SINNERS",8
"NECKLACE OUTBREAK",8
"SHIP WONDERLAND",8
"BULL SHAWSHANK",8
"SAGEBRUSH CLUELESS",7
"UPTOWN YOUNG",7
"CLASH FREDDY",7
"NEIGHBORS CHARADE",7
"LUST LOCK",7
"ANTITRUST TOMATOES",7
"HAROLD FRENCH",7
"OUTLAW HANKY",7
"CARRIE BUNCH",7
"FROST HEAD",7
"CLEOPATRA DEVIL",7
"PRIMARY GLASS",7
"SUPERFLY TRIP",7
"DISCIPLE MOTHER",7
"BEDAZZLED MARRIED",7
"INTRIGUE WORST",7
"CASSIDY WYOMING",7
"BACKLASH UNDEFEATED",7
"MONEY HAROLD",7
"LEATHERNECKS DWARFS",7
"DAISY MENAGERIE",7
"ILLUSION AMELIE",7
"EXTRAORDINARY CONQUERER",7
"MADNESS ATTACKS",7
"DEEP CRUSADE",7
"INVASION CYCLONE",7
"BUTTERFLY CHOCOLAT",7
"REUNION WITCHES",7
"STALLION SUNDANCE",7
"PRIX UNDEFEATED",7
"SLEUTH ORIENT",7
"MONSTER SPARTACUS",7
"BENEATH RUSH",7
"STREETCAR INTENTIONS",7
"HALLOWEEN NUTS",7
"MARS ROMAN",7
"CADDYSHACK JEDI",7
"WISDOM WORKER",7
"KISS GLORY",7
"PLUTO OLEANDER",7
"SENSE GREEK",7
"PULP BEVERLY",7
"MAGNIFICENT CHITTY",7
"SLIPPER FIDELITY",7
"RIGHT CRANES",7
"HAWK CHILL",7
"BALLROOM MOCKINGBIRD",7
"STATE WASTELAND",7
"PUNK DIVORCE",7
"MAGNOLIA FORRESTER",7
"DESIRE ALIEN",7
"THIEF PELICAN",7
"HANDICAP BOONDOCK",7
"DRIFTER COMMANDMENTS",7
"BANG KWAI",7
"SEVEN SWARM",7
"HANGING DEEP",7
"CONNECTICUT TRAMP",7
"UNCUT SUICIDES",7
"LIBERTY MAGNIFICENT",7
"MUSSOLINI SPOILERS",7
"AGENT TRUMAN",7
"SIEGE MADRE",7
"DRIVING POLISH",7
"CONNECTION MICROCOSMOS",7
"HOMEWARD CIDER",7
"PET HAUNTING",7
"MOONWALKER FOOL",7
"CHOCOLATE DUCK",7
"DESTINY SATURDAY",7
"ORDER BETRAYED",7
"DOGMA FAMILY",7
"ARMAGEDDON LOST",7
"CHAMBER ITALIAN",7
"STING PERSONAL",7
"EFFECT GLADIATOR",7
"LIES TREATMENT",7
"SCARFACE BANG",7
"GOLDMINE TYCOON",7
"LOVER TRUMAN",7
"GROOVE FICTION",7
"WEREWOLF LOLA",7
"CANDLES GRAPES",7
"ARMY FLINTSTONES",7
"FRENCH HOLIDAY",7
"DRUMS DYNAMITE",7
"UNFORGIVEN ZOOLANDER",7
"STOCK GLASS",7
"NASH CHOCOLAT",7
"MALKOVICH PET",7
"DONNIE ALLEY",7
"TRAP GUYS",7
"TREASURE COMMAND",7
"RUSHMORE MERMAID",7
"BEACH HEARTBREAKERS",7
"POTTER CONNECTICUT",7
"NATIONAL STORY",7
"SUNDANCE INVASION",7
"GROUNDHOG UNCUT",7
"FELLOWSHIP AUTUMN",7
"HANOVER GALAXY",7
"TITANS JERK",7
"CAPER MOTIONS",7
"ROCKETEER MOTHER",7
"ARTIST COLDBLOODED",7
"COLOR PHILADELPHIA",7
"HIGH ENCINO",7
"DUDE BLINDNESS",7
"GORGEOUS BINGO",7
"RAGE GAMES",7
"FLASH WARS",7
"SPOILERS HELLFIGHTERS",7
"PILOT HOOSIERS",7
"MOURNING PURPLE",7
"BORROWERS BEDAZZLED",7
"WANDA CHAMBER",7
"ALASKA PHANTOM",7
"TELEGRAPH VOYAGE",7
"CAROL TEXAS",7
"HILLS NEIGHBORS",6
"FRONTIER CABIN",6
"MOD SECRETARY",6
"GRACELAND DYNAMITE",6
"RAIDERS ANTITRUST",6
"WIFE TURN",6
"LOLA AGENT",6
"MADIGAN DORADO",6
"DAZED PUNK",6
"INTOLERABLE INTENTIONS",6
"RAINBOW SHOCK",6
"METROPOLIS COMA",6
"SONS INTERVIEW",6
"LEAGUE HELLFIGHTERS",6
"CRAFT OUTFIELD",6
"VACATION BOONDOCK",6
"GILMORE BOILED",6
"MULHOLLAND BEAST",6
"SEATTLE EXPECATIONS",6
"GRAFFITI LOVE",6
"WARLOCK WEREWOLF",6
"ALIEN CENTER",6
"JEEPERS WEDDING",6
"HARRY IDAHO",6
"MICROCOSMOS PARADISE",6
"KICK SAVANNAH",6
"DOZEN LION",6
"TRUMAN CRAZY",6
"FULL FLATLINERS",6
"STAGECOACH ARMAGEDDON",6
"BEETHOVEN EXORCIST",6
"CRANES RESERVOIR",6
"HOURS RAGE",6
"GLADIATOR WESTWARD",6
"ENCINO ELF",6
"SWARM GOLD",6
"HALF OUTFIELD",6
"SLEEPY JAPANESE",6
"DIVIDE MONSTER",6
"HOLIDAY GAMES",6
"SANTA PARIS",6
"LORD ARIZONA",6
"SECRETARY ROUGE",6
"DALMATIONS SWEDEN",6
"KING EVOLUTION",6
"WYOMING STORM",6
"STAMPEDE DISTURBING",6
"EAGLES PANKY",6
"LEGALLY SECRETARY",6
"SECRETS PARADISE",6
"SWEET BROTHERHOOD",6
"FACTORY DRAGON",6
"WASTELAND DIVINE",6
"TEXAS WATCH",6
"DIVORCE SHINING",6
"BALLOON HOMEWARD",6
"HOLLYWOOD ANONYMOUS",6
"MONTEREY LABYRINTH",6
"EARLY HOME",6
"CREEPERS KANE",6
"GLORY TRACY",6
"DANCING FEVER",6
"GREATEST NORTH",6
"NONE SPIKING",6
"BREAKING HOME",6
"AMADEUS HOLY",6
"THEORY MERMAID",6
"CAUSE DATE",6
"RUGRATS SHAKESPEARE",6
"CONFUSED CANDLES",6
"TYCOON GATHERING",6
"CROOKED FROGMEN",6
"SENSIBILITY REAR",6
"NOON PAPI",6
"WATERFRONT DELIVERANCE",6
"AMELIE HELLFIGHTERS",6
"OPPOSITE NECKLACE",6
"CLOSER BANG",6
"SPEED SUIT",6
"MINDS TRUMAN",6
"KNOCK WARLOCK",6
"PERFECT GROOVE",6
"LIAISONS SWEET",6
"GODFATHER DIARY",6
"SIDE ARK",6
"WATERSHIP FRONTIER",6
"JET NEIGHBORS",6
"WOLVES DESIRE",6
"SPIKING ELEMENT",6
"RUN PACIFIC",6
"ZHIVAGO CORE",6
"BANGER PINOCCHIO",6
"HOME PITY",6
"SAVANNAH TOWN",6
"POLLOCK DELIVERANCE",6
"SHAKESPEARE SADDLE",6
"GRINCH MASSAGE",6
"REBEL AIRPORT",6
"TIES HUNGER",6
"SMOKING BARBARELLA",6
"DOCTOR GRAIL",6
"CLUE GRAIL",6
"LOVELY JINGLE",6
"QUEEN LUKE",6
"HEAVENLY GUN",6
"PARIS WEEKEND",6
"TRAMP OTHERS",6
"LABYRINTH LEAGUE",6
"CONQUERER NUTS",6
"BILL OTHERS",6
"POSEIDON FOREVER",6
"EVE RESURRECTION",6
"WAGON JAWS",6
"FATAL HAUNTED",6
"MAUDE MOD",6
"PARK CITIZEN",6
"BASIC EASY",6
"HYDE DOCTOR",6
"POTLUCK MIXED",6
"BOOGIE AMELIE",6
"NOVOCAINE FLIGHT",6
"OSCAR GOLD",6
"MEET CHOCOLATE",6
"CANYON STOCK",6
"JUMANJI BLADE",6
"PAST SUICIDES",6
"MIXED DOORS",6
"CHANCE RESURRECTION",6
"UNITED PILOT",6
"BIRCH ANTITRUST",6
"EVOLUTION ALTER",6
"LUCK OPUS",6
"RACER EGG",6
"TAXI KICK",6
"BUCKET BROTHERHOOD",6
"WESTWARD SEABISCUIT",6
"MEMENTO ZOOLANDER",6
"MOB DUFFEL",6
"CHAPLIN LICENSE",6
"ICE CROSSING",6
"GUMP DATE",6
"JUNGLE CLOSER",6
"WORDS HUNTER",6
"FROGMEN BREAKING",6
"LANGUAGE COWBOY",6
"IDAHO LOVE",6
"DAWN POND",6
"DINOSAUR SECRETARY",6
"TOMORROW HUSTLER",6
"MERMAID INSECTS",6
"COMANCHEROS ENEMY",5
"BEAUTY GREASE",5
"ELF MURDER",5
"DAY UNFAITHFUL",5
"INTERVIEW LIAISONS",5
"ALI FOREVER",5
"JAWS HARRY",5
"DIRTY ACE",5
"TOOTSIE PILOT",5
"SONG HEDWIG",5
"WORKING MICROCOSMOS",5
"COMFORTS RUSH",5
"TROOPERS METAL",5
"SQUAD FISH",5
"CHASING FIGHT",5
"BED HIGHBALL",5
"COWBOY DOOM",5
"HORROR REIGN",5
"USUAL UNTOUCHABLES",5
"MULAN MOON",5
"BLACKOUT PRIVATE",5
"NEMO CAMPUS",5
"TEMPLE ATTRACTION",5
"TORQUE BOUND",5
"FLOATS GARDEN",5
"DOUBTFIRE LABYRINTH",5
"ROOF CHAMPION",5
"MODERN DORADO",5
"PITTSBURGH HUNCHBACK",5
"BLADE POLISH",5
"DADDY PITTSBURGH",5
"IGBY MAKER",5
"PRINCESS GIANT",5
"MADISON TRAP",5
"BOWFINGER GABLES",5
"TENENBAUMS COMMAND",5
"GUYS FALCON",5
"RESURRECTION SILVERADO",5
"CASPER DRAGONFLY",5
"KILL BROTHERHOOD",5
"PEACH INNOCENT",5
"PITY BOUND",5
"STRANGERS GRAFFITI",5
"CLOCKWORK PARADISE",5
"PRIVATE DROP",5
"VISION TORQUE",5
"GRAIL FRANKENSTEIN",5
"ALLEY EVOLUTION",5
"MANNEQUIN WORST",5
"APOCALYPSE FLAMINGOS",5
"CASUALTIES ENCINO",5
"KILLER INNOCENT",5
"ROSES TREASURE",5
"PEAK FOREVER",5
"MONSOON CAUSE",5
"DYNAMITE TARZAN",5
"BEHAVIOR RUNAWAY",5
"PIZZA JUMANJI",5
"CLONES PINOCCHIO",5
"GRAPES FURY",5
"SWEDEN SHINING",5
"EYES DRIVING",5
"WASH HEAVENLY",5
"HALL CASSIDY",5
"JEOPARDY ENCINO",5
"DIVINE RESURRECTION",5
"HAUNTED ANTITRUST",5
"PAJAMA JAWBREAKER",5
"CHILL LUCK",5
"PLATOON INSTINCT",5
"VAMPIRE WHALE",5
"ENDING CROWDS",5
"DANCES NONE",5
"VOLCANO TEXAS",5
"BREAKFAST GOLDFINGER",5
"FINDING ANACONDA",5
"RIDGEMONT SUBMARINE",5
"HAUNTING PIANIST",5
"FORREST SONS",5
"CATCH AMISTAD",5
"ROXANNE REBEL",5
"PELICAN COMFORTS",5
"STAR OPERATION",5
"SATISFACTION CONFIDENTIAL",5
"MUSCLE BRIGHT",5
"LOSER HUSTLER",5
"VOLUME HOUSE",5
"ADAPTATION HOLES",5
"WATCH TRACY",5
"DESERT POSEIDON",5
"HAMLET WISDOM",5
"FIRE WOLVES",5
"YOUNG LANGUAGE",5
"HOLOCAUST HIGHBALL",5
"PERDITION FARGO",5
"EARRING INSTINCT",5
"POCUS PULP",5
"ENGLISH BULWORTH",5
"INCH JET",5
"VOYAGE LEGALLY",5
"AFFAIR PREJUDICE",5
"FIREBALL PHILADELPHIA",5
"ARGONAUTS TOWN",5
"PANTHER REDS",5
"MILLION ACE",5
"RULES HUMAN",5
"YOUTH KICK",5
"VANISHING ROCKY",5
"SUGAR WONKA",5
"AFRICAN EGG",5
"NORTH TEQUILA",5
"AMERICAN CIRCUS",5
"HEARTBREAKERS BRIGHT",5
"FREAKY POCUS",5
"MOONSHINE CABIN",5
"CHOCOLAT HARRY",5
"HUNTING MUSKETEERS",5
"SWEETHEARTS SUSPECTS",5
"ORANGE GRAPES",5
"WOMEN DORADO",5
"KWAI HOMEWARD",5
"ZOOLANDER FICTION",5
"BARBARELLA STREETCAR",5
"SCALAWAG DUCK",5
"SUIT WALLS",5
"AIRPLANE SIERRA",5
"SIERRA DIVIDE",5
"FARGO GANDHI",5
"MAJESTIC FLOATS",5
"BROOKLYN DESERT",5
"ANACONDA CONFESSIONS",5
"TIGHTS DAWN",5
"ROBBERS JOON",5
"WON DARES",5
"FREEDOM CLEOPATRA",5
"GASLIGHT CRUSADE",5
"QUEST MUSSOLINI",5
"TALENTED HOMICIDE",5
"BROTHERHOOD BLANKET",5
"REDEMPTION COMFORTS",5
"JASON TRAP",5
"ANALYZE HOOSIERS",5
"FIREHOUSE VIETNAM",5
"HEAVYWEIGHTS BEAST",5
"MISSION ZOOLANDER",5
"SPIRITED CASUALTIES",5
"RUSH GOODFELLAS",5
"HONEY TIES",5
"MOTHER OLEANDER",5
"CIDER DESIRE",5
"EGG IGBY",5
"BINGO TALENTED",5
"VICTORY ACADEMY",5
"GONE TROUBLE",5
"SUN CONFESSIONS",5
"EVERYONE CRAFT",5
"SILVERADO GOLDFINGER",5
"REDS POCUS",5
"WONDERLAND CHRISTMAS",5
"FRIDA SLIPPER",5
"CONTACT ANONYMOUS",5
"PIANIST OUTFIELD",5
"EGYPT TENENBAUMS",5
"SCISSORHANDS SLUMS",5
"VIDEOTAPE ARSENIC",5
"SHEPHERD MIDSUMMER",5
"WAKE JAWS",5
"MALLRATS UNITED",5
"DEVIL DESIRE",5
"PATHS CONTROL",5
"TREATMENT JEKYLL",5
"PICKUP DRIVING",5
"UNTOUCHABLES SUNRISE",5
"GHOST GROUNDHOG",5
"CRYSTAL BREAKING",5
"SUNRISE LEAGUE",5
"SHINING ROSES",5
"WALLS ARTIST",5
"TEEN APOLLO",5
"OCTOBER SUBMARINE",5
"WHALE BIKINI",5
"HAPPINESS UNITED",5
"OUTBREAK DIVINE",5
"HIGHBALL POTTER",5
"BEAST HUNCHBACK",5
"UPRISING UPTOWN",5
"STORY SIDE",5
"ELEPHANT TROJAN",5
"LOATHING LEGALLY",5
"PRESIDENT BANG",5
"EXORCIST STING",5
"GUN BONNIE",5
"ODDS BOOGIE",5
"JAWBREAKER BROOKLYN",5
"KANE EXORCIST",5
"ATTRACTION NEWTON",4
"PATRIOT ROMAN",4
"LAWLESS VISION",4
"CORE SUIT",4
"BIRDS PERDITION",4
"IDENTITY LOVER",4
"PRIDE ALAMO",4
"GUNFIGHT MOON",4
"BULWORTH COMMANDMENTS",4
"FLINTSTONES HAPPINESS",4
"GILBERT PELICAN",4
"SEARCHERS WAIT",4
"EXPENDABLE STALLION",4
"ALICE FANTASIA",4
"GUNFIGHTER MUSSOLINI",4
"SLEEPING SUSPECTS",4
"JEDI BENEATH",4
"WILD APOLLO",4
"HARPER DYING",4
"CASABLANCA SUPER",4
"KENTUCKIAN GIANT",4
"WORST BANGER",4
"SALUTE APOLLO",4
"HOTEL HAPPINESS",4
"CLERKS ANGELS",4
"DECEIVER BETRAYED",4
"SLEEPLESS MONSOON",4
"DISTURBING SCARFACE",4
"APACHE DIVINE",4
"SORORITY QUEEN",4
"DOWNHILL ENOUGH",4
"WRATH MILE",4
"COMMANDMENTS EXPRESS",4
"WARS PLUTO",4
"FIDELITY DEVIL",4
"TOWERS HURRICANE",4
"FURY MURDER",4
"VALLEY PACKER",4
"GLASS DYING",4
"ENCOUNTERS CURTAIN",4
"NEWTON LABYRINTH",4
"MADRE GABLES",4
"BRAVEHEART HUMAN",4
"CABIN FLASH",4
"WINDOW SIDE",4
"TOWN ARK",4
"CAT CONEHEADS",4
"ROUGE SQUAD",4
"CONFESSIONS MAGUIRE",4
"PEARL DESTINY",4
"HUMAN GRAFFITI",4
"LOSE INCH",4
"ACE GOLDFINGER",4
"MAGIC MALLRATS",4
"ISHTAR ROCKETEER",4
"ALTER VICTORY",4
"JERICHO MULAN",4
"LEGEND JEDI",4
"STRICTLY SCARFACE",4
"ENEMY ODDS",4
"BLANKET BEVERLY",4
"FALCON VOLUME",4
"RANGE MOONWALKER",4
"WITCHES PANIC",4
"DREAM PICKUP",4
"CHISUM BEHAVIOR",4
"BETRAYED REAR",4
"SHRUNK DIVINE",4
"REAP UNFAITHFUL",4
"TRAFFIC HOBBIT",4
"CELEBRITY HORN",4
"BEVERLY OUTLAW",4
"HUNTER ALTER",4
"BLOOD ARGONAUTS",4
"GREEK EVERYONE",4
"MAGUIRE APACHE",4
"BRIGHT ENCOUNTERS",4
"DESPERATE TRAINSPOTTING",4
"OPUS ICE",4
"RIVER OUTLAW",4
"ARIZONA BANG",4
"CLUB GRAFFITI",4
"TRAIN BUNCH",4
"CENTER DINOSAUR",4
"GANGS PRIDE",4
"STEERS ARMAGEDDON",4
"ENTRAPMENT SATISFACTION",4
"LOVE SUICIDES",4
"BLUES INSTINCT",4
"AMISTAD MIDSUMMER",4
"PARADISE SABRINA",4
"TRAINSPOTTING STRANGERS",4
"STEPMOM DREAM",4
"GOLDFINGER SENSIBILITY",4
"MYSTIC TRUMAN",4
"ESCAPE METROPOLIS",4
"DARKO DORADO",4
"CANDIDATE PERDITION",4
"MOSQUITO ARMAGEDDON",4
"CROWDS TELEMARK",4
"HUSTLER PARTY",4
"VERTIGO NORTHWEST",4
"AIRPORT POLLOCK",4
"SILENCE KANE",4
"ORIENT CLOSER",4
"TIMBERLAND SKY",4
"WONDERFUL DROP",4
"CLYDE THEORY",4
"CHAMPION FLATLINERS",4
"CONSPIRACY SPIRIT",4
"INSECTS STONE",4
"QUILLS BULL",4
"GROSSE WONDERFUL",4
"HEDWIG ALTER",4
"LADYBUGS ARMAGEDDON",4
"HOOK CHARIOTS",4
"CINCINATTI WHISPERER",4
"DATE SPEED",4
"REEF SALUTE",4
"OTHERS SOUP",4
"COLDBLOODED DARLING",4
"SABRINA MIDNIGHT",4
"ELEMENT FREDDY",4
"NATURAL STOCK",4
"DAUGHTER MADIGAN",4
"ALAMO VIDEOTAPE",4
"SINNERS ATLANTIS",4
"DIARY PANIC",4
"ATTACKS HATE",4
"PATIENT SISTER",4
"TRIP NEWTON",4
"HOPE TOOTSIE",4
"BIRDCAGE CASPER",4
"FEUD FROGMEN",4
"REMEMBER DIARY",4
"OUTFIELD MASSACRE",4
"DORADO NOTTING",4
"STRAIGHT HOURS",3
"SEABISCUIT PUNK",3
"CURTAIN VIDEOTAPE",3
"SUPER WYOMING",3
"EXPECATIONS NATURAL",3
"FEVER EMPIRE",3
"AUTUMN CROW",3
"ELIZABETH SHANE",3
"CYCLONE FAMILY",3
"SHOOTIST SUPERFLY",3
"ANYTHING SAVANNAH",3
"HOCUS FRIDA",3
"PAYCHECK WAIT",3
"VIRTUAL SPOILERS",3
"NETWORK PEAK",3
"BUTCH PANTHER",3
"TOURIST PELICAN",3
"SECRET GROUNDHOG",3
"SHREK LICENSE",3
"TEQUILA PAST",3
"JEKYLL FROGMEN",3
"WIND PHANTOM",3
"HATE HANDICAP",3
"TURN STAR",3
"LEBOWSKI SOLDIERS",3
"STREAK RIDGEMONT",3
"VOICE PEACH",3
"DEER VIRGINIAN",3
"MARRIED GO",3
"FIGHT JAWBREAKER",3
"TUXEDO MILE",3
"SASSY PACKER",3
"CREATURES SHAKESPEARE",3
"IMPACT ALADDIN",3
"GREASE YOUTH",3
"DELIVERANCE MULHOLLAND",3
"SLING LUKE",3
"PANIC CLUB",3
"TRACY CIDER",3
"SPARTACUS CHEAPER",3
"DRAGONFLY STRANGERS",3
"TWISTED PIRATES",3
"GALAXY SWEETHEARTS",3
"IMPOSSIBLE PREJUDICE",3
"ISLAND EXORCIST",3
"OPERATION OPERATION",3
"TRADING PINOCCHIO",3
"FORRESTER COMANCHEROS",3
"MILE MULAN",3
"SPEAKEASY DATE",3
"KISSING DOLLS",3
"GO PURPLE",3
"MUSIC BOONDOCK",3
"LOST BIRD",3
"BLINDNESS GUN",3
"MASKED BUBBLE",3
"SLUMS DUCK",3
"FORWARD TEMPLE",3
"CONGENIALITY QUEST",3
"HOLY TADPOLE",3
"STEEL SANTA",3
"EARTH VISION",3
"LOUISIANA HARRY",3
"FANTASIA PARK",3
"MASSACRE USUAL",3
"PAPI NECKLACE",3
"EASY GLADIATOR",3
"VARSITY TRIP",3
"SUICIDES SILENCE",3
"DESTINATION JERK",3
"HANKY OCTOBER",3
"CAMPUS REMEMBER",3
"ARK RIDGEMONT",3
"FREDDY STORM",3
"RUNAWAY TENENBAUMS",3
"UNDEFEATED DALMATIONS",3
"GARDEN ISLAND",3
"EDGE KISSING",3
"BILKO ANONYMOUS",3
"HURRICANE AFFAIR",3
"POND SEATTLE",3
"SHANE DARKNESS",3
"INFORMER DOUBLE",3
"GRIT CLOCKWORK",3
"MATRIX SNOWMAN",3
"ZORRO ARK",3
"CHRISTMAS MOONSHINE",3
"NAME DETECTIVE",3
"INNOCENT USUAL",3
"SNATCH SLIPPER",3
"TRANSLATION SUMMER",3
"GATHERING CALENDAR",3
"TARZAN VIDEOTAPE",3
"BUBBLE GROSSE",3
"DETECTIVE VISION",3
"ARSENIC INDEPENDENCE",3
"SIMON NORTH",3
"ANNIE IDENTITY",3
"SNOWMAN ROLLERCOASTER",3
"BEAR GRACELAND",3
"CONTROL ANTHEM",3
"MOULIN WAKE",3
"LION UNCUT",3
"REIGN GENTLEMEN",3
"ROCKY WAR",3
"COMA HEAD",3
"MOCKINGBIRD HOLLYWOOD",3
"CHARADE DUFFEL",3
"DUFFEL APOCALYPSE",3
"SADDLE ANTITRUST",3
"CONVERSATION DOWNHILL",3
"GOSFORD DONNIE",3
"SUNSET RACER",3
"RAGING AIRPLANE",3
"SISTER FREDDY",3
"WHISPERER GIANT",3
"HARDLY ROBBERS",3
"SOMETHING DUCK",3
"ROLLERCOASTER BRINGING",3
"CHARIOTS CONSPIRACY",2
"LOCK REAR",2
"ROMAN PUNK",2
"LAWRENCE LOVE",2
"GRADUATE LORD",2
"BOUND CHEAPER",2
"ROOM ROMAN",2
"STAGE WORLD",2
"CHEAPER CLYDE",2
"SHOW LORD",2
"MANCHURIAN CURTAIN",2
"WILLOW TRACY",2
"DYING MAKER",2
"SAMURAI LION",2
"VALENTINE VANISHING",2
"BRANNIGAN SUNRISE",2
"FOOL MOCKINGBIRD",2
"SOUP WISDOM",2
"CHICKEN HELLFIGHTERS",2
"TERMINATOR CLUB",2
"MIDSUMMER GROUNDHOG",2
"SOUTH WAIT",2
"HOLLOW JEOPARDY",2
"NIGHTMARE CHILL",2
"CONFIDENTIAL INTERVIEW",2
"HUNCHBACK IMPOSSIBLE",2
"VANILLA DAY",2
"MONTEZUMA COMMAND",2
"VANISHED GARDEN",2
"ITALIAN AFRICAN",2
"CALIFORNIA BIRDS",2
"HEAD STRANGER",2
"FRANKENSTEIN STRANGER",2
"SATURN NAME",2
"CROSSING DIVORCE",2
"PURE RUNNER",2
"THIN SAGEBRUSH",2
"CAMELOT VACATION",2
"MINE TITANS",2
"BIKINI BORROWERS",2
"GOLD RIVER",2
"DARKNESS WAR",2
"BRINGING HYSTERICAL",2
"JINGLE SAGEBRUSH",2
"CHAINSAW UPTOWN",2
"NOTORIOUS REUNION",2
"SMOOCHY CONTROL",2
"JOON NORTHWEST",2
"PHANTOM GLORY",2
"DARLING BREAKING",2
"NOTTING SPEAKEASY",2
"DETAILS PACKER",2
"ROBBERY BRIGHT",2
"PHILADELPHIA WIFE",2
"CRUELTY UNFORGIVEN",2
"FISH OPUS",2
"PARTY KNOCK",2
"DUCK RACER",2
"LIGHTS DEER",2
"NUTS TIES",2
"WONKA SEA",2
"CIRCUS YOUTH",2
"BIRD INDEPENDENCE",2
"VIETNAM SMOOCHY",2
"BUGSY SONG",2
"MENAGERIE RUSHMORE",2
"VILLAIN DESPERATE",2
"INTENTIONS EMPIRE",2
"ANTHEM LUKE",2
"GIANT TROOPERS",1
"SHOCK CABIN",1
"PIRATES ROXANNE",1
"MALTESE HOPE",1
"DWARFS ALTER",1
"LOLITA WORLD",1
"PACKER MADIGAN",1
"FOREVER CANDIDATE",1
"BAKED CLEOPATRA",1
"PSYCHO SHRUNK",1
"YENTL IDAHO",1
"HUNGER ROOF",1
"BRIDE INTRIGUE",1
"MOON BUNCH",1
"MUSKETEERS WAIT",1
"MINORITY KISS",1
"MIRACLE VIRTUAL",1
"DOLLS RAGE",1
"STONE FIRE",1
"FERRIS MOTHER",1
"GHOSTBUSTERS ELF",1
