title,film_id,name
"AFRICAN EGG",5,Family
"APACHE DIVINE",31,Family
"ATLANTIS CAUSE",43,Family
"BAKED CLEOPATRA",50,Family
"BANG KWAI",53,Family
"BEDAZZLED MARRIED",63,Family
"BILKO ANONYMOUS",71,Family
"BLANKET BEVERLY",80,Family
"BLOOD ARGONAUTS",82,Family
"BLUES INSTINCT",83,Family
"BRAVEHEART HUMAN",94,Family
"CHASING FIGHT",139,Family
"CHISUM BEHAVIOR",145,Family
"CHOCOLAT HARRY",147,Family
"CONFUSED CANDLES",175,Family
"CONVERSATION DOWNHILL",183,Family
"DATE SPEED",213,Family
"DINOSAUR SECRETARY",231,Family
"DUMBO LUST",262,Family
"EARRING INSTINCT",269,Family
"EFFECT GLADIATOR",273,Family
"FEUD FROGMEN",309,Family
"FINDING ANACONDA",315,Family
"GABLES METROPOLIS",345,Family
"GANDHI KWAI",348,Family
"GLADIATOR WESTWARD",359,Family
"GREASE YOUTH",377,Family
"HALF OUTFIELD",391,Family
"HOCUS FRIDA",419,Family
"HOMICIDE PEACH",428,Family
"HOUSE DYNAMITE",437,Family
"HUNTING MUSKETEERS",442,Family
"INDIAN LOVE",458,Family
"JASON TRAP",476,Family
"JEDI BENEATH",479,Family
"KILLER INNOCENT",498,Family
"KING EVOLUTION",499,Family
"LOLITA WORLD",528,Family
"LOUISIANA HARRY",534,Family
"MAGUIRE APACHE",550,Family
"MANCHURIAN CURTAIN",557,Family
"MOVIE SHAKESPEARE",603,Family
"MUSIC BOONDOCK",610,Family
"NATURAL STOCK",617,Family
"NETWORK PEAK",621,Family
"ODDS BOOGIE",634,Family
"OPPOSITE NECKLACE",639,Family
"PILOT HOOSIERS",679,Family
"PITTSBURGH HUNCHBACK",682,Family
"PRESIDENT BANG",695,Family
"PRIX UNDEFEATED",700,Family
"RAGE GAMES",710,Family
"RANGE MOONWALKER",715,Family
"REMEMBER DIARY",724,Family
"RESURRECTION SILVERADO",727,Family
"ROBBERY BRIGHT",736,Family
"RUSH GOODFELLAS",753,Family
"SECRETS PARADISE",778,Family
"SENSIBILITY REAR",780,Family
"SIEGE MADRE",795,Family
"SLUMS DUCK",810,Family
"SOUP WISDOM",822,Family
"SPARTACUS CHEAPER",824,Family
"SPINAL ROCKY",829,Family
"SPLASH GUMP",832,Family
"SUNSET RACER",866,Family
"SUPER WYOMING",867,Family
"VIRTUAL SPOILERS",946,Family
"WILLOW TRACY",975,Family
