title,month_rented,num_rentals
"DORADO NOTTING",8,13
"DINOSAUR SECRETARY",8,13
"DYNAMITE TARZAN",8,12
"ROCKETEER MOTHER",8,12
"ARIZONA BANG",8,12
"STORM HAPPINESS",8,12
"KISS GLORY",8,12
"SPY MILE",8,12
"CARRIE BUNCH",8,12
"HOBBIT ALIEN",8,12
"CAT CONEHEADS",8,12
"MOCKINGBIRD HOLLYWOOD",8,12
"STEEL SANTA",8,12
"FORWARD TEMPLE",8,11
"GILMORE BOILED",8,11
"APACHE DIVINE",8,11
"STEPMOM DREAM",8,11
"CAMPUS REMEMBER",8,11
"NETWORK PEAK",8,11
"GLEAMING JAWBREAKER",8,11
"VIRGINIAN PLUTO",8,11
"FIREBALL PHILADELPHIA",8,11
"BINGO TALENTED",8,11
"ICE CROSSING",8,11
"PIANIST OUTFIELD",8,11
"GOODFELLAS SALUTE",8,11
"ZORRO ARK",8,11
"SLUMS DUCK",8,11
"ROSES TREASURE",8,11
"STREETCAR INTENTIONS",8,11
"JERK PAYCHECK",8,11
"CUPBOARD SINNERS",8,11
"ALADDIN CALENDAR",8,11
"WIFE TURN",8,11
"MALLRATS UNITED",8,11
"GIANT TROOPERS",8,11
"FORRESTER COMANCHEROS",8,11
"VIDEOTAPE ARSENIC",8,10
"REDEMPTION COMFORTS",8,10
"JUGGLER HARDLY",8,10
"STING PERSONAL",8,10
"HANDICAP BOONDOCK",8,10
"HEAVYWEIGHTS BEAST",8,10
"PELICAN COMFORTS",8,10
"BEVERLY OUTLAW",8,10
"RUSH GOODFELLAS",8,10
"ENGLISH BULWORTH",8,10
"CHANCE RESURRECTION",8,10
"REIGN GENTLEMEN",8,10
"ORANGE GRAPES",8,10
"MASSACRE USUAL",8,10
"CAPER MOTIONS",8,10
"HUSTLER PARTY",8,10
"INNOCENT USUAL",8,10
"CLASH FREDDY",8,10
"BUCKET BROTHERHOOD",8,10
"STORY SIDE",8,10
"BILL OTHERS",8,10
"QUEST MUSSOLINI",8,10
"FLAMINGOS CONNECTICUT",8,10
"REQUIEM TYCOON",8,10
"CONFIDENTIAL INTERVIEW",8,10
"MINDS TRUMAN",8,10
"MOON BUNCH",8,10
"SEABISCUIT PUNK",8,10
"GARDEN ISLAND",8,10
"ATLANTIS CAUSE",8,10
"CROSSROADS CASUALTIES",8,10
"THIEF PELICAN",8,10
"CLOSER BANG",8,10
"JEKYLL FROGMEN",8,10
"BOUND CHEAPER",8,10
"RIDGEMONT SUBMARINE",8,10
"ATTRACTION NEWTON",8,10
"HORROR REIGN",8,10
"UNBREAKABLE KARATE",8,10
"MALKOVICH PET",8,10
"DRACULA CRYSTAL",8,10
"TALENTED HOMICIDE",8,10
"FORREST SONS",8,10
"CONTACT ANONYMOUS",8,10
"MALTESE HOPE",8,10
"ROAD ROXANNE",8,10
"SATURDAY LAMBS",8,10
"PITY BOUND",8,10
"FROST HEAD",8,10
"HEARTBREAKERS BRIGHT",8,9
"ENCINO ELF",8,9
"CHRISTMAS MOONSHINE",8,9
"TOMATOES HELLFIGHTERS",8,9
"MARRIED GO",8,9
"MIDSUMMER GROUNDHOG",8,9
"BALLOON HOMEWARD",8,9
"PULP BEVERLY",8,9
"DEER VIRGINIAN",8,9
"TELEGRAPH VOYAGE",8,9
"ALIEN CENTER",8,9
"COMA HEAD",8,9
"PANTHER REDS",8,9
"EAGLES PANKY",8,9
"BRINGING HYSTERICAL",8,9
"OPERATION OPERATION",8,9
"TORQUE BOUND",8,9
"TRIP NEWTON",8,9
"MONEY HAROLD",8,9
"ENEMY ODDS",8,9
"POCUS PULP",8,9
"SHANGHAI TYCOON",8,9
"WITCHES PANIC",8,9
"DOGMA FAMILY",8,9
"GREATEST NORTH",8,9
"TROJAN TOMORROW",8,9
"COMMAND DARLING",8,9
"JUMPING WRATH",8,9
"DANCING FEVER",8,9
"ACADEMY DINOSAUR",8,9
"NIGHTMARE CHILL",8,9
"HANKY OCTOBER",8,9
"SPLENDOR PATTON",8,9
"BARBARELLA STREETCAR",8,9
"EARTH VISION",8,9
"MUSCLE BRIGHT",8,9
"LOSE INCH",8,9
"SHEPHERD MIDSUMMER",8,9
"SLEEPING SUSPECTS",8,9
"FISH OPUS",8,9
"GRIT CLOCKWORK",8,9
"OSCAR GOLD",8,9
"KARATE MOON",8,9
"STRAIGHT HOURS",8,9
"VOICE PEACH",8,9
"GANGS PRIDE",8,9
"KNOCK WARLOCK",8,9
"CROOKED FROGMEN",8,9
"GOLDMINE TYCOON",8,9
"WONDERLAND CHRISTMAS",8,9
"DOUBLE WRATH",8,9
"CONGENIALITY QUEST",8,9
"EGG IGBY",8,9
"VOYAGE LEGALLY",8,9
"SWARM GOLD",8,9
"AGENT TRUMAN",8,9
"FELLOWSHIP AUTUMN",8,9
"WESTWARD SEABISCUIT",8,9
"DOWNHILL ENOUGH",8,9
"LIES TREATMENT",8,9
"EXCITEMENT EVE",8,9
"WAIT CIDER",8,9
"IDOLS SNATCHERS",8,9
"FLYING HOOK",8,9
"INTRIGUE WORST",8,9
"SWEETHEARTS SUSPECTS",8,9
"WHISPERER GIANT",8,9
"INVASION CYCLONE",8,9
"CLUELESS BUCKET",8,9
"METAL ARMAGEDDON",8,9
"PATIENT SISTER",8,9
"STRICTLY SCARFACE",8,9
"DAWN POND",8,9
"DISCIPLE MOTHER",8,9
"METROPOLIS COMA",8,9
"DURHAM PANKY",8,9
"CALENDAR GUNFIGHT",8,9
"CAUSE DATE",8,9
"WARDROBE PHANTOM",8,9
"ALAMO VIDEOTAPE",8,9
"SNATCH SLIPPER",8,9
"RUGRATS SHAKESPEARE",8,9
"HEAD STRANGER",8,9
"PATTON INTERVIEW",8,9
"LOATHING LEGALLY",8,9
"ISLAND EXORCIST",8,8
"ROBBERS JOON",8,8
"DYING MAKER",8,8
"UNFORGIVEN ZOOLANDER",8,8
"WIND PHANTOM",8,8
"SNOWMAN ROLLERCOASTER",8,8
"HEAVEN FREEDOM",8,8
"ENCOUNTERS CURTAIN",8,8
"HOLOCAUST HIGHBALL",8,8
"CHAINSAW UPTOWN",8,8
"WASH HEAVENLY",8,8
"FIGHT JAWBREAKER",8,8
"CIDER DESIRE",8,8
"OPEN AFRICAN",8,8
"TOMORROW HUSTLER",8,8
"FREDDY STORM",8,8
"LEAGUE HELLFIGHTERS",8,8
"SCALAWAG DUCK",8,8
"CANDIDATE PERDITION",8,8
"SUN CONFESSIONS",8,8
"DESERT POSEIDON",8,8
"GREASE YOUTH",8,8
"MUMMY CREATURES",8,8
"ALONE TRIP",8,8
"SINNERS ATLANTIS",8,8
"INDIAN LOVE",8,8
"MASKED BUBBLE",8,8
"WRONG BEHAVIOR",8,8
"CANYON STOCK",8,8
"SUNRISE LEAGUE",8,8
"FAMILY SWEET",8,8
"HURRICANE AFFAIR",8,8
"GO PURPLE",8,8
"JASON TRAP",8,8
"CONEHEADS SMOOCHY",8,8
"HOMICIDE PEACH",8,8
"POLLOCK DELIVERANCE",8,8
"FANTASIA PARK",8,8
"QUEEN LUKE",8,8
"NONE SPIKING",8,8
"REMEMBER DIARY",8,8
"WOLVES DESIRE",8,8
"YENTL IDAHO",8,8
"DRIVING POLISH",8,8
"BOOGIE AMELIE",8,8
"HIGH ENCINO",8,8
"HONEY TIES",8,8
"WOMEN DORADO",8,8
"DOORS PRESIDENT",8,8
"TRACY CIDER",8,8
"ROOM ROMAN",8,8
"BASIC EASY",8,8
"CAROL TEXAS",8,8
"GOLDFINGER SENSIBILITY",8,8
"AMERICAN CIRCUS",8,8
"SOUTH WAIT",8,8
"HILLS NEIGHBORS",8,8
"PHILADELPHIA WIFE",8,8
"LIAISONS SWEET",8,8
"VOLCANO TEXAS",8,8
"SUSPECTS QUILLS",8,8
"SHOCK CABIN",8,8
"FATAL HAUNTED",8,8
"RACER EGG",8,8
"DETECTIVE VISION",8,8
"AMISTAD MIDSUMMER",8,8
"SLEUTH ORIENT",8,8
"FLATLINERS KILLER",8,8
"CASABLANCA SUPER",8,8
"SHOOTIST SUPERFLY",8,8
"MAIDEN HOME",8,8
"WONKA SEA",8,8
"HARPER DYING",8,8
"PREJUDICE OLEANDER",8,8
"SHOW LORD",8,8
"GUN BONNIE",8,8
"HARRY IDAHO",8,8
"BEAUTY GREASE",8,8
"BUTTERFLY CHOCOLAT",8,8
"ANGELS LIFE",8,8
"BLACKOUT PRIVATE",8,8
"SECRETARY ROUGE",8,8
"NATIONAL STORY",8,8
"CHILL LUCK",8,8
"RANGE MOONWALKER",8,8
"DIRTY ACE",8,8
"WORKING MICROCOSMOS",8,8
"PACIFIC AMISTAD",8,8
"STAR OPERATION",8,8
"HOURS RAGE",8,8
"PRIMARY GLASS",8,8
"RIVER OUTLAW",8,8
"UNDEFEATED DALMATIONS",8,8
"VELVET TERMINATOR",8,8
"CURTAIN VIDEOTAPE",8,8
"LION UNCUT",8,8
"EXPENDABLE STALLION",8,8
"HOUSE DYNAMITE",8,8
"PRINCESS GIANT",8,8
"FICTION CHRISTMAS",8,8
"DISTURBING SCARFACE",8,8
"SPICE SORORITY",8,8
"EMPIRE MALKOVICH",8,8
"HUMAN GRAFFITI",8,8
"CELEBRITY HORN",8,8
"DECEIVER BETRAYED",8,8
"TAXI KICK",8,8
"ALASKA PHANTOM",8,8
"CHOCOLAT HARRY",8,8
"DIVIDE MONSTER",8,8
"HALL CASSIDY",8,7
"PAYCHECK WAIT",8,7
"CONVERSATION DOWNHILL",8,7
"CAMELOT VACATION",8,7
"MOVIE SHAKESPEARE",8,7
"LOCK REAR",8,7
"FIDELITY DEVIL",8,7
"COLOR PHILADELPHIA",8,7
"UNITED PILOT",8,7
"LOLA AGENT",8,7
"SHAKESPEARE SADDLE",8,7
"INCH JET",8,7
"GRAPES FURY",8,7
"JACKET FRISCO",8,7
"PEAK FOREVER",8,7
"TELEMARK HEARTBREAKERS",8,7
"JADE BUNCH",8,7
"BROOKLYN DESERT",8,7
"FALCON VOLUME",8,7
"NEWTON LABYRINTH",8,7
"MADNESS ATTACKS",8,7
"ARACHNOPHOBIA ROLLERCOASTER",8,7
"HANGING DEEP",8,7
"BANGER PINOCCHIO",8,7
"PERFECT GROOVE",8,7
"LEBOWSKI SOLDIERS",8,7
"GALAXY SWEETHEARTS",8,7
"MURDER ANTITRUST",8,7
"GREEK EVERYONE",8,7
"DRIVER ANNIE",8,7
"TROOPERS METAL",8,7
"AMADEUS HOLY",8,7
"GRINCH MASSAGE",8,7
"ORIENT CLOSER",8,7
"ROMAN PUNK",8,7
"SABRINA MIDNIGHT",8,7
"CREATURES SHAKESPEARE",8,7
"SCORPION APOLLO",8,7
"POND SEATTLE",8,7
"FANTASY TROOPERS",8,7
"HYDE DOCTOR",8,7
"INSECTS STONE",8,7
"JAWS HARRY",8,7
"TRUMAN CRAZY",8,7
"HIGHBALL POTTER",8,7
"SEA VIRGIN",8,7
"POSEIDON FOREVER",8,7
"MAGNOLIA FORRESTER",8,7
"OTHERS SOUP",8,7
"TRADING PINOCCHIO",8,7
"JEDI BENEATH",8,7
"CONFUSED CANDLES",8,7
"EFFECT GLADIATOR",8,7
"BULL SHAWSHANK",8,7
"STRANGELOVE DESIRE",8,7
"CHASING FIGHT",8,7
"NORTHWEST POLISH",8,7
"REUNION WITCHES",8,7
"MINE TITANS",8,7
"BEAR GRACELAND",8,7
"LIBERTY MAGNIFICENT",8,7
"CHEAPER CLYDE",8,7
"ZOOLANDER FICTION",8,7
"SALUTE APOLLO",8,7
"FRENCH HOLIDAY",8,7
"HORN WORKING",8,7
"AIRPLANE SIERRA",8,7
"OUTLAW HANKY",8,7
"SAMURAI LION",8,7
"BIRDS PERDITION",8,7
"GENTLEMEN STAGE",8,7
"NOVOCAINE FLIGHT",8,7
"WORKER TARZAN",8,7
"OZ LIAISONS",8,7
"TRAMP OTHERS",8,7
"JERICHO MULAN",8,7
"STAMPEDE DISTURBING",8,7
"PINOCCHIO SIMON",8,7
"MOTHER OLEANDER",8,7
"PRIDE ALAMO",8,7
"DAUGHTER MADIGAN",8,7
"FEUD FROGMEN",8,7
"TIGHTS DAWN",8,7
"ANNIE IDENTITY",8,7
"FOOL MOCKINGBIRD",8,7
"HAUNTING PIANIST",8,7
"PIRATES ROXANNE",8,7
"SECRETS PARADISE",8,7
"PACKER MADIGAN",8,7
"ROXANNE REBEL",8,7
"BREAKFAST GOLDFINGER",8,7
"MOULIN WAKE",8,7
"COAST RAINBOW",8,7
"JET NEIGHBORS",8,7
"MOURNING PURPLE",8,7
"SUGAR WONKA",8,7
"NEIGHBORS CHARADE",8,7
"GRAFFITI LOVE",8,7
"TITANS JERK",8,7
"DREAM PICKUP",8,6
"BRIDE INTRIGUE",8,6
"HOLLYWOOD ANONYMOUS",8,6
"FUGITIVE MAGUIRE",8,6
"CENTER DINOSAUR",8,6
"SILENCE KANE",8,6
"SPINAL ROCKY",8,6
"JOON NORTHWEST",8,6
"CORE SUIT",8,6
"BERETS AGENT",8,6
"SUMMER SCARFACE",8,6
"BLUES INSTINCT",8,6
"EYES DRIVING",8,6
"GLASS DYING",8,6
"WORST BANGER",8,6
"ROCK INSTINCT",8,6
"MIGHTY LUCK",8,6
"MODERN DORADO",8,6
"BETRAYED REAR",8,6
"DALMATIONS SWEDEN",8,6
"FURY MURDER",8,6
"BOILED DARES",8,6
"SHANE DARKNESS",8,6
"ALLEY EVOLUTION",8,6
"INDEPENDENCE HOTEL",8,6
"CINCINATTI WHISPERER",8,6
"TOOTSIE PILOT",8,6
"MASK PEACH",8,6
"ARABIA DOGMA",8,6
"COMFORTS RUSH",8,6
"UPRISING UPTOWN",8,6
"SCARFACE BANG",8,6
"CANDLES GRAPES",8,6
"VIRGIN DAISY",8,6
"SUNDANCE INVASION",8,6
"HUNTING MUSKETEERS",8,6
"CHAMPION FLATLINERS",8,6
"PURE RUNNER",8,6
"PARADISE SABRINA",8,6
"EARRING INSTINCT",8,6
"BROTHERHOOD BLANKET",8,6
"BIKINI BORROWERS",8,6
"POLISH BROOKLYN",8,6
"WATERFRONT DELIVERANCE",8,6
"MADRE GABLES",8,6
"ALTER VICTORY",8,6
"SLACKER LIAISONS",8,6
"CITIZEN SHREK",8,6
"WIZARD COLDBLOODED",8,6
"PARIS WEEKEND",8,6
"HELLFIGHTERS SIERRA",8,6
"ENOUGH RAGING",8,6
"VIRTUAL SPOILERS",8,6
"ARMAGEDDON LOST",8,6
"TROUBLE DATE",8,6
"BAREFOOT MANCHURIAN",8,6
"EASY GLADIATOR",8,6
"VACATION BOONDOCK",8,6
"ENTRAPMENT SATISFACTION",8,6
"SUPER WYOMING",8,6
"ADAPTATION HOLES",8,6
"DESTINY SATURDAY",8,6
"GOLD RIVER",8,6
"KISSING DOLLS",8,6
"ESCAPE METROPOLIS",8,6
"DARKNESS WAR",8,6
"MUSKETEERS WAIT",8,6
"AFFAIR PREJUDICE",8,6
"FARGO GANDHI",8,6
"HYSTERICAL GRAIL",8,6
"CHARIOTS CONSPIRACY",8,6
"WEEKEND PERSONAL",8,6
"DETAILS PACKER",8,6
"SLEEPY JAPANESE",8,6
"ROOTS REMEMBER",8,6
"BORROWERS BEDAZZLED",8,6
"BEACH HEARTBREAKERS",8,6
"BIRCH ANTITRUST",8,6
"LOUISIANA HARRY",8,6
"INSTINCT AIRPORT",8,6
"RESURRECTION SILVERADO",8,6
"OUTBREAK DIVINE",8,6
"DRUMS DYNAMITE",8,6
"BOULEVARD MOB",8,6
"MOONSHINE CABIN",8,6
"HOPE TOOTSIE",8,6
"POTTER CONNECTICUT",8,6
"GASLIGHT CRUSADE",8,6
"IDAHO LOVE",8,6
"RAGE GAMES",8,6
"FLIGHT LIES",8,6
"INTENTIONS EMPIRE",8,6
"CLONES PINOCCHIO",8,6
"OUTFIELD MASSACRE",8,6
"ATTACKS HATE",8,6
"STAGECOACH ARMAGEDDON",8,6
"KWAI HOMEWARD",8,6
"EGYPT TENENBAUMS",8,6
"DARN FORRESTER",8,6
"GATHERING CALENDAR",8,6
"NAME DETECTIVE",8,6
"CHICAGO NORTH",8,6
"CLUB GRAFFITI",8,6
"WORDS HUNTER",8,6
"NASH CHOCOLAT",8,6
"FERRIS MOTHER",8,6
"CHICKEN HELLFIGHTERS",8,6
"MERMAID INSECTS",8,6
"VANISHING ROCKY",8,6
"EXORCIST STING",8,6
"FOREVER CANDIDATE",8,6
"GUNFIGHTER MUSSOLINI",8,6
"ROUGE SQUAD",8,6
"UNCUT SUICIDES",8,6
"VARSITY TRIP",8,6
"FROGMEN BREAKING",8,6
"MOTIONS DETAILS",8,6
"EXPECATIONS NATURAL",8,6
"WAR NOTTING",8,6
"ILLUSION AMELIE",8,6
"REAP UNFAITHFUL",8,6
"TIMBERLAND SKY",8,6
"ANONYMOUS HUMAN",8,6
"SMOKING BARBARELLA",8,6
"DRAGON SQUAD",8,6
"PATRIOT ROMAN",8,6
"SUBMARINE BED",8,6
"DAY UNFAITHFUL",8,6
"IMAGE PRINCESS",8,6
"TITANIC BOONDOCK",8,6
"MANCHURIAN CURTAIN",8,6
"HALF OUTFIELD",8,6
"PAJAMA JAWBREAKER",8,6
"MICROCOSMOS PARADISE",8,6
"BADMAN DAWN",8,6
"BLINDNESS GUN",8,6
"SNATCHERS MONTEZUMA",8,5
"COLDBLOODED DARLING",8,5
"TRANSLATION SUMMER",8,5
"SPIKING ELEMENT",8,5
"MIDNIGHT WESTWARD",8,5
"JINGLE SAGEBRUSH",8,5
"RULES HUMAN",8,5
"STEERS ARMAGEDDON",8,5
"BENEATH RUSH",8,5
"SATURN NAME",8,5
"SUIT WALLS",8,5
"HUNCHBACK IMPOSSIBLE",8,5
"PRIX UNDEFEATED",8,5
"NEMO CAMPUS",8,5
"TEEN APOLLO",8,5
"IMPOSSIBLE PREJUDICE",8,5
"ROBBERY BRIGHT",8,5
"DRIFTER COMMANDMENTS",8,5
"TRAP GUYS",8,5
"PANKY SUBMARINE",8,5
"RUN PACIFIC",8,5
"PEACH INNOCENT",8,5
"MODEL FISH",8,5
"LAWRENCE LOVE",8,5
"DAISY MENAGERIE",8,5
"HUNGER ROOF",8,5
"MARS ROMAN",8,5
"HAMLET WISDOM",8,5
"PLUTO OLEANDER",8,5
"VIETNAM SMOOCHY",8,5
"LOLITA WORLD",8,5
"WASTELAND DIVINE",8,5
"FINDING ANACONDA",8,5
"SOMETHING DUCK",8,5
"RUNNER MADIGAN",8,5
"CRAFT OUTFIELD",8,5
"STOCK GLASS",8,5
"DANCES NONE",8,5
"GABLES METROPOLIS",8,5
"WATCH TRACY",8,5
"CIRCUS YOUTH",8,5
"REEF SALUTE",8,5
"TOURIST PELICAN",8,5
"MILLION ACE",8,5
"HEDWIG ALTER",8,5
"CRANES RESERVOIR",8,5
"HOMEWARD CIDER",8,5
"SHAWSHANK BUBBLE",8,5
"PURPLE MOVIE",8,5
"TOWERS HURRICANE",8,5
"USUAL UNTOUCHABLES",8,5
"BILKO ANONYMOUS",8,5
"SCISSORHANDS SLUMS",8,5
"DANGEROUS UPTOWN",8,5
"TOWN ARK",8,5
"SORORITY QUEEN",8,5
"CONFESSIONS MAGUIRE",8,5
"GANDHI KWAI",8,5
"MUSIC BOONDOCK",8,5
"SHINING ROSES",8,5
"CHARADE DUFFEL",8,5
"WEDDING APOLLO",8,5
"NOON PAPI",8,5
"SLEEPLESS MONSOON",8,5
"DOOM DANCING",8,5
"ARMY FLINTSTONES",8,5
"BORN SPINAL",8,5
"EDGE KISSING",8,5
"VALENTINE VANISHING",8,5
"CREEPERS KANE",8,5
"FLASH WARS",8,5
"RESERVOIR ADAPTATION",8,5
"GROOVE FICTION",8,5
"TURN STAR",8,5
"KICK SAVANNAH",8,5
"SAGEBRUSH CLUELESS",8,5
"VALLEY PACKER",8,5
"SPARTACUS CHEAPER",8,5
"JEEPERS WEDDING",8,5
"TUXEDO MILE",8,5
"SEARCHERS WAIT",8,5
"WEST LION",8,5
"DEVIL DESIRE",8,5
"NOTORIOUS REUNION",8,5
"ANACONDA CONFESSIONS",8,5
"RIDER CADDYSHACK",8,5
"GROUNDHOG UNCUT",8,5
"MEMENTO ZOOLANDER",8,5
"PARTY KNOCK",8,5
"TWISTED PIRATES",8,5
"MOONWALKER FOOL",8,5
"EVOLUTION ALTER",8,5
"CASPER DRAGONFLY",8,5
"SWEDEN SHINING",8,5
"LOVELY JINGLE",8,5
"RAGING AIRPLANE",8,5
"THIN SAGEBRUSH",8,5
"SLIPPER FIDELITY",8,5
"FLINTSTONES HAPPINESS",8,5
"INTERVIEW LIAISONS",8,5
"DUDE BLINDNESS",8,5
"BOWFINGER GABLES",8,5
"PAST SUICIDES",8,5
"TYCOON GATHERING",8,5
"ELEMENT FREDDY",8,5
"PILOT HOOSIERS",8,5
"SECRET GROUNDHOG",8,5
"DATE SPEED",8,5
"AIRPORT POLLOCK",8,5
"MAKER GABLES",8,5
"RIGHT CRANES",8,5
"BRANNIGAN SUNRISE",8,5
"PATHS CONTROL",8,5
"MISSION ZOOLANDER",8,5
"LADY STAGE",8,5
"ALABAMA DEVIL",8,5
"SHRUNK DIVINE",8,5
"IGBY MAKER",8,5
"BEDAZZLED MARRIED",8,5
"HOLES BRANNIGAN",8,5
"CADDYSHACK JEDI",8,5
"BLADE POLISH",8,5
"SIDE ARK",8,5
"SATISFACTION CONFIDENTIAL",8,5
"HOLIDAY GAMES",8,5
"BLANKET BEVERLY",8,5
"SIEGE MADRE",8,5
"REAR TRADING",8,5
"GRADUATE LORD",8,5
"ODDS BOOGIE",8,5
"DRAGONFLY STRANGERS",8,5
"UNFAITHFUL KILL",8,5
"BEHAVIOR RUNAWAY",8,5
"VERTIGO NORTHWEST",8,5
"CYCLONE FAMILY",8,5
"SIERRA DIVIDE",8,5
"WILLOW TRACY",8,5
"ANYTHING SAVANNAH",8,4
"BAKED CLEOPATRA",8,4
"MOD SECRETARY",8,4
"LAWLESS VISION",8,4
"DEEP CRUSADE",8,4
"LUST LOCK",8,4
"ALI FOREVER",8,4
"DIVINE RESURRECTION",8,4
"FREAKY POCUS",8,4
"SILVERADO GOLDFINGER",8,4
"SPIRIT FLINTSTONES",8,4
"HEAVENLY GUN",8,4
"FACTORY DRAGON",8,4
"CHAMBER ITALIAN",8,4
"MADISON TRAP",8,4
"WRATH MILE",8,4
"SPIRITED CASUALTIES",8,4
"MILE MULAN",8,4
"HOME PITY",8,4
"LONELY ELEPHANT",8,4
"TEMPLE ATTRACTION",8,4
"FIRE WOLVES",8,4
"ROCKY WAR",8,4
"SPLASH GUMP",8,4
"LORD ARIZONA",8,4
"TENENBAUMS COMMAND",8,4
"DOLLS RAGE",8,4
"GREEDY ROOTS",8,4
"SONS INTERVIEW",8,4
"ROLLERCOASTER BRINGING",8,4
"BONNIE HOLOCAUST",8,4
"PERSONAL LADYBUGS",8,4
"CRAZY HOME",8,4
"MONSTER SPARTACUS",8,4
"GAMES BOWFINGER",8,4
"ACE GOLDFINGER",8,4
"GODFATHER DIARY",8,4
"DONNIE ALLEY",8,4
"MASSAGE IMAGE",8,4
"SPOILERS HELLFIGHTERS",8,4
"PET HAUNTING",8,4
"MONTEREY LABYRINTH",8,4
"CARIBBEAN LIBERTY",8,4
"LOSER HUSTLER",8,4
"CLEOPATRA DEVIL",8,4
"SADDLE ANTITRUST",8,4
"MONTEZUMA COMMAND",8,4
"HOOK CHARIOTS",8,4
"SUPERFLY TRIP",8,4
"LOST BIRD",8,4
"SHIP WONDERLAND",8,4
"QUILLS BULL",8,4
"NORTH TEQUILA",8,4
"WON DARES",8,4
"ARTIST COLDBLOODED",8,4
"POTLUCK MIXED",8,4
"DARKO DORADO",8,4
"WEREWOLF LOLA",8,4
"MAGUIRE APACHE",8,4
"GROSSE WONDERFUL",8,4
"MEET CHOCOLATE",8,4
"STAGE WORLD",8,4
"EVERYONE CRAFT",8,4
"LOVE SUICIDES",8,4
"FEATHERS METAL",8,4
"GONE TROUBLE",8,4
"DOUBTFIRE LABYRINTH",8,4
"PICKUP DRIVING",8,4
"CROW GREASE",8,4
"STRANGERS GRAFFITI",8,4
"BIRDCAGE CASPER",8,4
"SEATTLE EXPECATIONS",8,4
"IDENTITY LOVER",8,4
"NOTTING SPEAKEASY",8,4
"MAJESTIC FLOATS",8,4
"ANALYZE HOOSIERS",8,4
"LABYRINTH LEAGUE",8,4
"FRIDA SLIPPER",8,4
"MOSQUITO ARMAGEDDON",8,4
"STREAK RIDGEMONT",8,4
"RANDOM GO",8,4
"WHALE BIKINI",8,4
"GORGEOUS BINGO",8,4
"TIES HUNGER",8,4
"GUNFIGHT MOON",8,4
"CONQUERER NUTS",8,4
"SANTA PARIS",8,4
"CABIN FLASH",8,4
"WANDA CHAMBER",8,4
"GHOST GROUNDHOG",8,4
"RINGS HEARTBREAKERS",8,4
"SASSY PACKER",8,4
"NATURAL STOCK",8,4
"OCTOBER SUBMARINE",8,4
"SMOOCHY CONTROL",8,4
"IRON MOON",8,4
"CLYDE THEORY",8,4
"BACKLASH UNDEFEATED",8,4
"MOB DUFFEL",8,4
"STATE WASTELAND",8,4
"PITTSBURGH HUNCHBACK",8,4
"NECKLACE OUTBREAK",8,4
"BREAKING HOME",8,4
"LANGUAGE COWBOY",8,4
"CALIFORNIA BIRDS",8,4
"EXPRESS LONELY",8,4
"GILBERT PELICAN",8,4
"PIZZA JUMANJI",8,3
"VICTORY ACADEMY",8,3
"DADDY PITTSBURGH",8,3
"WARS PLUTO",8,3
"OLEANDER CLUE",8,3
"BRIGHT ENCOUNTERS",8,3
"SAVANNAH TOWN",8,3
"PLATOON INSTINCT",8,3
"MULAN MOON",8,3
"MADIGAN DORADO",8,3
"BALLROOM MOCKINGBIRD",8,3
"UNTOUCHABLES SUNRISE",8,3
"ENDING CROWDS",8,3
"HUNTER ALTER",8,3
"SIMON NORTH",8,3
"WISDOM WORKER",8,3
"PAPI NECKLACE",8,3
"EARLY HOME",8,3
"GLORY TRACY",8,3
"OPUS ICE",8,3
"JAPANESE RUN",8,3
"UPTOWN YOUNG",8,3
"MONSOON CAUSE",8,3
"STONE FIRE",8,3
"SCHOOL JACKET",8,3
"WYOMING STORM",8,3
"JUNGLE CLOSER",8,3
"BUBBLE GROSSE",8,3
"CHAPLIN LICENSE",8,3
"WATERSHIP FRONTIER",8,3
"DESTINATION JERK",8,3
"TEQUILA PAST",8,3
"JAWBREAKER BROOKLYN",8,3
"HANOVER GALAXY",8,3
"KANE EXORCIST",8,3
"LEGEND JEDI",8,3
"DARES PLUTO",8,3
"TERMINATOR CLUB",8,3
"MAGNIFICENT CHITTY",8,3
"AMELIE HELLFIGHTERS",8,3
"MATRIX SNOWMAN",8,3
"SOUP WISDOM",8,3
"YOUNG LANGUAGE",8,3
"DROP WATERFRONT",8,3
"BUGSY SONG",8,3
"PHANTOM GLORY",8,3
"TEXAS WATCH",8,3
"INSIDER ARIZONA",8,3
"CLERKS ANGELS",8,3
"YOUTH KICK",8,3
"DRUMLINE CYCLONE",8,3
"SQUAD FISH",8,3
"EVE RESURRECTION",8,3
"HOOSIERS BIRDCAGE",8,3
"MUSSOLINI SPOILERS",8,3
"AFRICAN EGG",8,3
"THEORY MERMAID",8,3
"CLOCKWORK PARADISE",8,3
"TRAFFIC HOBBIT",8,3
"HAROLD FRENCH",8,3
"KRAMER CHOCOLATE",8,3
"SAINTS BRIDE",8,3
"VAMPIRE WHALE",8,3
"STRANGER STRANGERS",8,3
"BIRD INDEPENDENCE",8,3
"TRAIN BUNCH",8,3
"SPEAKEASY DATE",8,3
"DUCK RACER",8,3
"CONNECTICUT TRAMP",8,3
"BEAST HUNCHBACK",8,3
"VANILLA DAY",8,3
"LICENSE WEEKEND",8,3
"WAGON JAWS",8,3
"DIARY PANIC",8,3
"TRAINSPOTTING STRANGERS",8,3
"MENAGERIE RUSHMORE",8,3
"JEOPARDY ENCINO",8,3
"MIRACLE VIRTUAL",8,3
"CRUELTY UNFORGIVEN",8,3
"SWEET BROTHERHOOD",8,3
"LOVER TRUMAN",8,3
"DOZEN LION",8,3
"AUTUMN CROW",8,3
"BED HIGHBALL",8,3
"ELEPHANT TROJAN",8,3
"CRUSADE HONEY",8,3
"FRISCO FORREST",8,3
"LIFE TWISTED",8,3
"HOTEL HAPPINESS",8,3
"CASUALTIES ENCINO",8,3
"LOVERBOY ATTACKS",8,3
"GOSFORD DONNIE",8,3
"NUTS TIES",8,3
"SMILE EARRING",8,3
"BABY HALL",8,3
"DUMBO LUST",8,3
"BRAVEHEART HUMAN",8,3
"LADYBUGS ARMAGEDDON",8,3
"GHOSTBUSTERS ELF",8,3
"FEVER EMPIRE",8,3
"CHISUM BEHAVIOR",8,3
"GRACELAND DYNAMITE",8,3
"GUYS FALCON",8,3
"SPEED SUIT",8,3
"JERSEY SASSY",8,3
"HAWK CHILL",8,3
"BEETHOVEN EXORCIST",8,3
"LAMBS CINCINATTI",8,3
"LUCKY FLYING",8,3
"CHITTY LOCK",8,3
"ANTHEM LUKE",8,3
"CONTROL ANTHEM",8,3
"SENSIBILITY REAR",8,3
"LUKE MUMMY",8,3
"FIDDLER LOST",8,3
"IMPACT ALADDIN",8,3
"OKLAHOMA JUMANJI",8,3
"MANNEQUIN WORST",8,2
"PANIC CLUB",8,2
"BLOOD ARGONAUTS",8,2
"SEVEN SWARM",8,2
"EXTRAORDINARY CONQUERER",8,2
"RECORDS ZORRO",8,2
"ITALIAN AFRICAN",8,2
"HALLOWEEN NUTS",8,2
"FULL FLATLINERS",8,2
"WINDOW SIDE",8,2
"DIVORCE SHINING",8,2
"APOCALYPSE FLAMINGOS",8,2
"SOLDIERS EVOLUTION",8,2
"TREATMENT JEKYLL",8,2
"RUNAWAY TENENBAUMS",8,2
"COWBOY DOOM",8,2
"HOLY TADPOLE",8,2
"MULHOLLAND BEAST",8,2
"PUNK DIVORCE",8,2
"NEWSIES STORY",8,2
"REDS POCUS",8,2
"DOCTOR GRAIL",8,2
"FREEDOM CLEOPATRA",8,2
"COMANCHEROS ENEMY",8,2
"BANG KWAI",8,2
"JUMANJI BLADE",8,2
"LEATHERNECKS DWARFS",8,2
"DESIRE ALIEN",8,2
"OPPOSITE NECKLACE",8,2
"SONG HEDWIG",8,2
"DESPERATE TRAINSPOTTING",8,2
"INFORMER DOUBLE",8,2
"RUSHMORE MERMAID",8,2
"LEGALLY SECRETARY",8,2
"SUNSET RACER",8,2
"MAGIC MALLRATS",8,2
"PARK CITIZEN",8,2
"VISION TORQUE",8,2
"HAPPINESS UNITED",8,2
"LESSON CLEOPATRA",8,2
"MAUDE MOD",8,2
"HARDLY ROBBERS",8,2
"WONDERFUL DROP",8,2
"ZHIVAGO CORE",8,2
"KILLER INNOCENT",8,2
"BULWORTH COMMANDMENTS",8,2
"DARLING BREAKING",8,2
"MYSTIC TRUMAN",8,2
"SLING LUKE",8,2
"MINORITY KISS",8,2
"KING EVOLUTION",8,2
"BUNCH MINDS",8,2
"INTOLERABLE INTENTIONS",8,2
"STALLION SUNDANCE",8,2
"VANISHED GARDEN",8,2
"CASSIDY WYOMING",8,2
"PRESIDENT BANG",8,2
"SHREK LICENSE",8,2
"CLUE GRAIL",8,2
"DUFFEL APOCALYPSE",8,2
"CONSPIRACY SPIRIT",8,2
"ELF MURDER",8,2
"LIGHTS DEER",8,2
"LUCK OPUS",8,2
"ELIZABETH SHANE",8,2
"FRONTIER CABIN",8,2
"SENSE GREEK",8,2
"TARZAN VIDEOTAPE",8,2
"ANTITRUST TOMATOES",8,2
"ISHTAR ROCKETEER",8,2
"DWARFS ALTER",8,2
"HOLLOW JEOPARDY",8,2
"PRIVATE DROP",8,2
"WARLOCK WEREWOLF",8,2
"REBEL AIRPORT",8,2
"GRAIL FRANKENSTEIN",8,1
"CONNECTION MICROCOSMOS",8,1
"HAUNTED ANTITRUST",8,1
"MIXED DOORS",8,1
"WORLD LEATHERNECKS",8,1
"WILD APOLLO",8,1
